,dissatisfaction,policy_demand,coproduction_request,n_cases,positive_cases,outcome_consistency,coverage,configuration
0,0,0,0,48,9,0.1875,0.0909,000
1,0,0,1,26,14,0.5384615384615384,0.1414,001
2,0,1,0,22,15,0.6818181818181818,0.1515,010
3,0,1,1,47,22,0.46808510638297873,0.2222,011
4,1,0,0,10,0,0,0,100
5,1,0,1,12,12,1,0.1212,101
6,1,1,0,4,3,0.75,0.0303,110
7,1,1,1,31,24,0.7741935483870968,0.2424,111
